timestamp,dataset,dataset_stem,min_support,hash_prune,txn_reduction,delimiter,n_transactions,total_frequents,runtime_seconds,frequents_file,counts_by_k
20251017-224141,data\chess.dat,chess,2500,False,False,,3196,11493,17.349925800022902,output\frequents_chess_s2500_20251017-224141.txt,"{""1"": 22, ""2"": 160, ""3"": 651, ""4"": 1654, ""5"": 2758, ""6"": 3002, ""7"": 2091, ""8"": 902, ""9"": 226, ""10"": 27}"
20251017-224158,data\chess.dat,chess,2500,True,True,,3196,11493,13.991852399980417,output\frequents_chess_s2500_hp_tr_20251017-224158.txt,"{""1"": 22, ""2"": 160, ""3"": 651, ""4"": 1654, ""5"": 2758, ""6"": 3002, ""7"": 2091, ""8"": 902, ""9"": 226, ""10"": 27}"
20251017-224213,data\chess.dat,chess,2600,False,False,,3196,6135,5.752604599983897,output\frequents_chess_s2600_20251017-224213.txt,"{""1"": 19, ""2"": 132, ""3"": 506, ""4"": 1169, ""5"": 1674, ""6"": 1507, ""7"": 834, ""8"": 260, ""9"": 34}"
20251017-224219,data\chess.dat,chess,2600,True,True,,3196,6135,5.756544500007294,output\frequents_chess_s2600_hp_tr_20251017-224219.txt,"{""1"": 19, ""2"": 132, ""3"": 506, ""4"": 1169, ""5"": 1674, ""6"": 1507, ""7"": 834, ""8"": 260, ""9"": 34}"
20251017-224224,data\chess.dat,chess,2700,False,False,,3196,3134,2.471857099997578,output\frequents_chess_s2700_20251017-224224.txt,"{""1"": 17, ""2"": 114, ""3"": 391, ""4"": 775, ""5"": 923, ""6"": 643, ""7"": 237, ""8"": 34}"
20251017-224227,data\chess.dat,chess,2700,True,True,,3196,3134,2.4675679999927524,output\frequents_chess_s2700_hp_tr_20251017-224227.txt,"{""1"": 17, ""2"": 114, ""3"": 391, ""4"": 775, ""5"": 923, ""6"": 643, ""7"": 237, ""8"": 34}"
20251017-224230,data\chess.dat,chess,2800,False,False,,3196,1350,0.899968900019303,output\frequents_chess_s2800_20251017-224230.txt,"{""1"": 16, ""2"": 92, ""3"": 262, ""4"": 414, ""5"": 366, ""6"": 167, ""7"": 32, ""8"": 1}"
20251017-224231,data\chess.dat,chess,2800,True,True,,3196,1350,1.0317143000138458,output\frequents_chess_s2800_hp_tr_20251017-224231.txt,"{""1"": 16, ""2"": 92, ""3"": 262, ""4"": 414, ""5"": 366, ""6"": 167, ""7"": 32, ""8"": 1}"
20251017-224232,data\chess.dat,chess,2900,False,False,,3196,473,0.3147365000040736,output\frequents_chess_s2900_20251017-224232.txt,"{""1"": 13, ""2"": 62, ""3"": 139, ""4"": 155, ""5"": 84, ""6"": 19, ""7"": 1}"
20251017-224232,data\chess.dat,chess,2900,True,True,,3196,473,0.3703420000092592,output\frequents_chess_s2900_hp_tr_20251017-224232.txt,"{""1"": 13, ""2"": 62, ""3"": 139, ""4"": 155, ""5"": 84, ""6"": 19, ""7"": 1}"
20251017-224233,data\chess.dat,chess,3000,False,False,,3196,155,0.12854499998502433,output\frequents_chess_s3000_20251017-224233.txt,"{""1"": 12, ""2"": 38, ""3"": 55, ""4"": 38, ""5"": 11, ""6"": 1}"
20251017-224233,data\chess.dat,chess,3000,True,True,,3196,155,0.2496203000191599,output\frequents_chess_s3000_hp_tr_20251017-224233.txt,"{""1"": 12, ""2"": 38, ""3"": 55, ""4"": 38, ""5"": 11, ""6"": 1}"
0251017-230040,data\retail.dat,retail,700,False,False,,88162,249,33.36412569999811,output\frequents_retail_s700_20251017-230040.txt,"{""1"": 104, ""2"": 101, ""3"": 38, ""4"": 6}"
20251017-230114,data\retail.dat,retail,700,True,True,,88162,249,1.8448101000103634,output\frequents_retail_s700_hp_tr_20251017-230114.txt,"{""1"": 104, ""2"": 101, ""3"": 38, ""4"": 6}"
20251017-230116,data\retail.dat,retail,800,False,False,,88162,190,30.380809299997054,output\frequents_retail_s800_20251017-230116.txt,"{""1"": 85, ""2"": 71, ""3"": 28, ""4"": 6}"
20251017-230147,data\retail.dat,retail,800,True,True,,88162,190,1.430474900000263,output\frequents_retail_s800_hp_tr_20251017-230147.txt,"{""1"": 85, ""2"": 71, ""3"": 28, ""4"": 6}"
20251017-230149,data\retail.dat,retail,900,False,False,,88162,156,15.997321000002557,output\frequents_retail_s900_20251017-230149.txt,"{""1"": 68, ""2"": 57, ""3"": 25, ""4"": 6}"
20251017-230205,data\retail.dat,retail,900,True,True,,88162,156,1.2776444999908563,output\frequents_retail_s900_hp_tr_20251017-230205.txt,"{""1"": 68, ""2"": 57, ""3"": 25, ""4"": 6}"
20251017-230207,data\retail.dat,retail,1000,False,False,,88162,135,9.369720199989388,output\frequents_retail_s1000_20251017-230207.txt,"{""1"": 56, ""2"": 49, ""3"": 24, ""4"": 6}"
20251017-230217,data\retail.dat,retail,1000,True,True,,88162,135,1.1379577000043355,output\frequents_retail_s1000_hp_tr_20251017-230217.txt,"{""1"": 56, ""2"": 49, ""3"": 24, ""4"": 6}"
20251017-230218,data\retail.dat,retail,1100,False,False,,88162,119,6.643278700008523,output\frequents_retail_s1100_20251017-230218.txt,"{""1"": 50, ""2"": 43, ""3"": 22, ""4"": 4}"
20251017-230226,data\retail.dat,retail,1100,True,True,,88162,119,1.1863759999978356,output\frequents_retail_s1100_hp_tr_20251017-230226.txt,"{""1"": 50, ""2"": 43, ""3"": 22, ""4"": 4}"
20251017-230227,data\retail.dat,retail,1200,False,False,,88162,98,4.4723786000104155,output\frequents_retail_s1200_20251017-230227.txt,"{""1"": 38, ""2"": 36, ""3"": 21, ""4"": 3}"
20251017-230232,data\retail.dat,retail,1200,True,True,,88162,98,1.018271500011906,output\frequents_retail_s1200_hp_tr_20251017-230232.txt,"{""1"": 38, ""2"": 36, ""3"": 21, ""4"": 3}"
20251017-224234,data\retail.dat,retail,1000,False,False,,88162,135,8.432394300005399,output\frequents_retail_s1000_20251017-224234.txt,"{""1"": 56, ""2"": 49, ""3"": 24, ""4"": 6}"
20251017-224243,data\retail.dat,retail,1000,True,True,,88162,135,1.0936633000092115,output\frequents_retail_s1000_hp_tr_20251017-224243.txt,"{""1"": 56, ""2"": 49, ""3"": 24, ""4"": 6}"
20251017-224244,data\retail.dat,retail,1500,False,False,,88162,68,1.5392801999987569,output\frequents_retail_s1500_20251017-224244.txt,"{""1"": 23, ""2"": 28, ""3"": 15, ""4"": 2}"
20251017-224246,data\retail.dat,retail,1500,True,True,,88162,68,0.7806013000081293,output\frequents_retail_s1500_hp_tr_20251017-224246.txt,"{""1"": 23, ""2"": 28, ""3"": 15, ""4"": 2}"
20251017-224247,data\retail.dat,retail,2000,False,False,,88162,45,0.9172860000107903,output\frequents_retail_s2000_20251017-224247.txt,"{""1"": 16, ""2"": 20, ""3"": 9}"
20251017-224249,data\retail.dat,retail,2000,True,True,,88162,45,0.7205194999987725,output\frequents_retail_s2000_hp_tr_20251017-224249.txt,"{""1"": 16, ""2"": 20, ""3"": 9}"
20251017-224250,data\retail.dat,retail,2500,False,False,,88162,34,0.6936388000031002,output\frequents_retail_s2500_20251017-224250.txt,"{""1"": 13, ""2"": 17, ""3"": 4}"
20251017-224251,data\retail.dat,retail,2500,True,True,,88162,34,0.6540927999885753,output\frequents_retail_s2500_hp_tr_20251017-224251.txt,"{""1"": 13, ""2"": 17, ""3"": 4}"
20251017-224252,data\retail.dat,retail,3000,False,False,,88162,24,0.49594730001990683,output\frequents_retail_s3000_20251017-224252.txt,"{""1"": 10, ""2"": 10, ""3"": 4}"
20251017-224254,data\retail.dat,retail,3000,True,True,,88162,24,0.7813467000087257,output\frequents_retail_s3000_hp_tr_20251017-224254.txt,"{""1"": 10, ""2"": 10, ""3"": 4}"
20251017-224255,data\retail.dat,retail,3500,False,False,,88162,18,0.34035729998140596,output\frequents_retail_s3500_20251017-224255.txt,"{""1"": 7, ""2"": 8, ""3"": 3}"
20251017-224256,data\retail.dat,retail,3500,True,True,,88162,18,0.5385897000087425,output\frequents_retail_s3500_hp_tr_20251017-224256.txt,"{""1"": 7, ""2"": 8, ""3"": 3}"